Conf #;City;State/Province (US & Canada);Country;Unnamed: 4;Tonnes of CO2
59458961;Tirana;;Albania;Montreal;
61364636;CABA;;Argentina;;
60591635;Manuel B. Gonnet;;Argentina;;
60122386;Mar del Plata;;Argentina;;
59685374;Adelaide;;Australia;;
59602567;Adelaide;;Australia;;
59531752;Adelaide;;Australia;;
59479436;Adelaide;;Australia;;
59381711;Adelaide;;Australia;;
59457752;Ashwood;;Australia;;
60702447;Brisbane;;Australia;;
60212865;Brisbane;;Australia;;
59324268;Brisbane;;Australia;;
59598970;Broadway / Sidney;;Australia;;
60120880;Bundaberg;;Australia;;
59534607;Burwood/Sidney;;Australia;;
59627127;CASUARINA;;Australia;;
60145595;Clayton/Melbourne;;Australia;;
59398720;Clayton South;;Australia;;
60667941;Collingwood;;Australia;;
59510371;Coogee;;Australia;;
59599217;East Melbourne;;Australia;;
59708066;FRESHWATER/ Sidney;;Australia;;
59425605;Glenelg South/ Adelaide;;Australia;;
59603224;Greenwich/ Sidney;;Australia;;
59535451;Herston;;Australia;;
59535424;Herston;;Australia;;
59535397;Herston;;Australia;;
59535293;Herston;;Australia;;
59084838;Hobart;;Australia;;
61131205;Ivanhoe/MELBORNE;;Australia;;
59602235;Katoomba/ Sidney;;Australia;;
59603619;LEWISHAM/Sidney;;Australia;;
59604342;Lismore;;Australia;;
59382677;Melbourne;;Australia;;
59354864;Melbourne;;Australia;;
59573149;Mildura;;Australia;;
60280465;MILTON/ brisbane;;Australia;;
58865856;Milton;;Australia;;
59889355;Nhill/ Melborne;;Australia;;
59460197;Nhill;;Australia;;
59594154;Perth;;Australia;;
59479610;Perth;;Australia;;
60191268;Petersham;;Australia;;
59399017;Petersham Sidney;;Australia;;
59290640;Picton sidney;;Australia;;
59573645;Sippy Downs;;Australia;;
58845838;Sippy Downs, Queensland;;Australia;;
58754928;Southport;;Australia;;
60187273;St Kilda/Mel;;Australia;;
60861621;Subiaco, WA;;Australia;;
60861560;Subiaco, WA;;Australia;;
61298452;Sydney;;Australia;;
60704684;Sydney;;Australia;;
60210655;Sydney;;Australia;;
59631219;Sydney;;Australia;;
59595190;Sydney;;Australia;;
59572774;Sydney;;Australia;;
59559282;Sydney;;Australia;;
59536034;Sydney;;Australia;;
59460239;Sydney;;Australia;;
58846200;Sydney;;Australia;;
59627925;Sydney;;Australia;;
59603542;Sydney;;Australia;;
59603328;Sydney;;Australia;;
59602754;Sydney;;Australia;;
59510667;Waverton;;Australia;;
59532838;West Melbourne;;Australia;;
60209369;West Wollongong/Sidney;;Australia;;
60195375;PERTH;Washington;Australia;;
59540349;Wien;;Austria;;
60124260;Dhaka;;Bangladesh;;
59935618;ANTWERP;;Belgium;;
59632401;Antwerpen;;Belgium;;
59604528;Auderghem;;Belgium;;
59607671;B - 1200 Woluwe-St-Lambert, Bruxelles;;Belgium;;
59537524;Belgrade;;Belgium;;
59632993;Berchem;;Belgium;;
60157729;Bruxelles;;Belgium;;
59622214;BRUXELLES;;Belgium;;
59599740;Bruxelles;;Belgium;;
59491972;Bruxelles;;Belgium;;
59059404;Gerpinnes;;Belgium;;
60672596;Ixelles;;Belgium;;
60707288;Liège;;Belgium;;
58780448;Louvain-la-neuve;;Belgium;;
59600138;Saint-Josse-ten-Noode;;Belgium;;
59227025;Sombreffe;;Belgium;;
56845722;Abomey Calavi;;Benin;;
60747596;Brussel;;Benin;;
60755932;Cotonou;;Benin;;
60113912;Cotonou;;Benin;;
59614907;Dekoungbé;;Benin;;
60691627;Parakou;;Benin;;
60112600;Parakou;;Benin;;
60938935;Belo Horizonte;;Brazil;;
58630188;Brasilia;;Brazil;;
59594583;Brasília;;Brazil;;
59617487;Brasília;;Brazil;;
61341676;Campinas;;Brazil;;
59610063;Campinas;;Brazil;;
60216753;Fortaleza;;Brazil;;
59482320;Fortaleza;;Brazil;;
59606423;Goiânia;;Brazil;;
59481719;Goiânia;;Brazil;;
59613197;Goiânia - GO;;Brazil;;
59611440;Jundiaí;;Brazil;;
61185861;Maringa;;Brazil;;
58773567;Maringá;;Brazil;;
60769357;Niterói;;Brazil;;
59400635;Niterói;;Brazil;;
59482493;Pacajús;;Brazil;;
60203629;Patos de Minas;;Brazil;;
57200751;Porto Alegre;;Brazil;;
57150718;Presidente Prudente -SP;;Brazil;;
59628593;Recife;;Brazil;;
59607049;Recife;;Brazil;;
60184832;RIBEIRÃO PRETO;;Brazil;;
59615593;Rio de Janeiro;;Brazil;;
58742436;Rio de Janeiro;;Brazil;;
60190931;Santa Cruz do Sul;;Brazil;;
56128444;Santos;;Brazil;;
59784338;Sao Paulo;;Brazil;;
60186957;São Paulo;;Brazil;;
60122994;São Paulo;;Brazil;;
59678334;São Paulo;;Brazil;;
59622579;São Paulo;;Brazil;;
59462657;São Paulo;;Brazil;;
59810252;São Paulo;;Brazil;;
59653957;São Paulo;;Brazil;;
59754208;São Paulo;;Brazil;;
59617892;São Paulo;;Brazil;;
56035815;São Paulo;;Brazil;;
59788456;São Paulo;;Brazil;;
59629654;São Paulo;North Carolina;Brazil;;
60126037;Bobo-Dioulasso;;Burkina Faso;;
60125941;Bobo-Dioulasso;;Burkina Faso;;
60936613;Ouagadougou;;Burkina Faso;;
60548167;OUAGADOUGOU;;Burkina Faso;;
59538099;Ouagadougou;;Burkina Faso;;
59601875;Ouagadougou;;Burkina Faso;;
59441033;OUAGADOUGOU;;Burkina Faso;;
58276200;Meiganga;;Cameroon;;
60191226;Simbock;;Cameroon;;
60377749;Yaounde;;Cameroon;;
60194100;YAOUNDE;;Cameroon;;
60189723;Yaounde;;Cameroon;;
59627889;Yaounde;;Cameroon;;
60920723;Yaoundé;;Cameroon;;
59615117;Airdrie;Alberta;Canada;;
60784899;Calgary;Alberta;Canada;;
59534633;Calgary;Alberta;Canada;;
59430638;Calgary;Alberta;Canada;;
59449249;Calgary;Alberta;Canada;;
59054173;Calgary;Alberta;Canada;;
60011845;Cold Lake;Alberta;Canada;;
59967759;Cold Lake;Alberta;Canada;;
60665580;Edmonton;Alberta;Canada;;
60202040;Edmonton;Alberta;Canada;;
59910130;Edmonton;Alberta;Canada;;
59807248;Edmonton;Alberta;Canada;;
59581003;Edmonton;Alberta;Canada;;
59521256;Edmonton;Alberta;Canada;;
59506663;Edmonton;Alberta;Canada;;
59383262;Edmonton;Alberta;Canada;;
59622327;Edmonton;Alberta;Canada;;
59593613;Edmonton;Alberta;Canada;;
59910075;Fort Saskatchewan;Alberta;Canada;;
59987447;Wainwright;Alberta;Canada;;
59588876;Waterloo;Arizona;Canada;;
60294068;Burnaby;British Columbia;Canada;;
60280396;Burnaby;British Columbia;Canada;;
60187054;Burnaby;British Columbia;Canada;;
58786829;Burnaby;British Columbia;Canada;;
59459668;Burnaby;British Columbia;Canada;;
59534700;Chilliwack;British Columbia;Canada;;
60273065;Coquitlam;British Columbia;Canada;;
59912655;Cumberland;British Columbia;Canada;;
59468495;Golden;British Columbia;Canada;;
59917678;Harrison Hot Springs;British Columbia;Canada;;
58960819;Invermere;British Columbia;Canada;;
60848028;North Vancouver;British Columbia;Canada;;
61257110;Prince George;British Columbia;Canada;;
59604075;Prince George;British Columbia;Canada;;
59603083;Summerland;British Columbia;Canada;;
60275551;Surrey;British Columbia;Canada;;
60270311;Surrey;British Columbia;Canada;;
59621967;Surrey;British Columbia;Canada;;
60922306;Vancouver;British Columbia;Canada;;
60286450;Vancouver;British Columbia;Canada;;
60198205;Vancouver;British Columbia;Canada;;
59556471;Vancouver;British Columbia;Canada;;
59532307;Vancouver;British Columbia;Canada;;
59382782;Vancouver;British Columbia;Canada;;
58972765;Vancouver;British Columbia;Canada;;
58749570;Vancouver;British Columbia;Canada;;
59588682;Vancouver;British Columbia;Canada;;
59474433;Vancouver;British Columbia;Canada;;
59247597;Vancouver;British Columbia;Canada;;
58794706;Vancouver;British Columbia;Canada;;
58773714;Vancouver;British Columbia;Canada;;
60346304;Victoria;British Columbia;Canada;;
59931166;Victoria;British Columbia;Canada;;
58855621;Victoria;British Columbia;Canada;;
58792295;Victoria;British Columbia;Canada;;
60278407;West Vancouver;British Columbia;Canada;;
59603010;Westbank;British Columbia;Canada;;
59606988;Brandon;Manitoba;Canada;;
60690128;Winnipeg;Manitoba;Canada;;
59905550;Winnipeg;Manitoba;Canada;;
59405006;Winnipeg;Manitoba;Canada;;
59382879;Winnipeg;Manitoba;Canada;;
58722571;Winnipeg;Manitoba;Canada;;
60592287;Halifax;;Canada;;
58858593;Bathurst;New Brunswick;Canada;;
60534838;Fredericton;New Brunswick;Canada;;
60533930;Fredericton;New Brunswick;Canada;;
59560911;Fredericton;New Brunswick;Canada;;
59560807;Fredericton;New Brunswick;Canada;;
60536203;Killarney;New Brunswick;Canada;;
60421820;Oromocto;New Brunswick;Canada;;
59980660;Gander;Newfoundland & Labrador;Canada;;
59602752;Mount Pearl;Newfoundland & Labrador;Canada;;
60500901;St John's;Newfoundland & Labrador;Canada;;
59603744;St. John's;Newfoundland & Labrador;Canada;;
60856760;Yellowknife;Northwest Territories;Canada;;
60166334;ANTIGONISH;Nova Scotia;Canada;;
60166231;ANTIGONISH;Nova Scotia;Canada;;
59616172;ANTIGONISH;Nova Scotia;Canada;;
60132713;Greenwood;Nova Scotia;Canada;;
60132513;Greenwood;Nova Scotia;Canada;;
61233065;Halifax;Nova Scotia;Canada;;
60582934;Halifax;Nova Scotia;Canada;;
60388935;Halifax;Nova Scotia;Canada;;
60382163;Halifax;Nova Scotia;Canada;;
60240162;Halifax;Nova Scotia;Canada;;
60194872;Halifax;Nova Scotia;Canada;;
59616751;Halifax;Nova Scotia;Canada;;
60218295;Angus;Ontario;Canada;;
58962406;Astorville;Ontario;Canada;;
60753528;Barrie;Ontario;Canada;;
60687822;Brampon;Ontario;Canada;;
60552431;Gloucester;Ontario;Canada;;
59468040;Guelph;Ontario;Canada;;
59107058;Hamilton;Ontario;Canada;;
58895954;Hamilton;Ontario;Canada;;
58850262;Hamilton;Ontario;Canada;;
58844483;Hamilton;Ontario;Canada;;
60026614;Kanata;Ontario;Canada;;
61306993;Kingston;Ontario;Canada;;
60573044;Kingston;Ontario;Canada;;
60106935;Kingston;Ontario;Canada;;
56015885;Kingston;Ontario;Canada;;
60427958;London;Ontario;Canada;;
59517213;London;Ontario;Canada;;
59456256;London;Ontario;Canada;;
59232222;London;Ontario;Canada;;
58968906;London;Ontario;Canada;;
61234863;Mississauga;Ontario;Canada;;
61378227;Nepean;Ontario;Canada;;
60725511;Nepean;Ontario;Canada;;
59305051;North Bay;Ontario;Canada;;
61377052;Ottawa;Ontario;Canada;;
60856683;Ottawa;Ontario;Canada;;
60856468;Ottawa;Ontario;Canada;;
60679007;Ottawa;Ontario;Canada;;
60677527;Ottawa;Ontario;Canada;;
60279155;Ottawa;Ontario;Canada;;
60191907;Ottawa;Ontario;Canada;;
60189493;Ottawa;Ontario;Canada;;
60174471;Ottawa;Ontario;Canada;;
60167603;OTTAWA;Ontario;Canada;;
60101522;Ottawa;Ontario;Canada;;
60101209;Ottawa;Ontario;Canada;;
60096310;Ottawa;Ontario;Canada;;
60005629;Ottawa;Ontario;Canada;;
59911237;Ottawa;Ontario;Canada;;
59819601;Ottawa;Ontario;Canada;;
59619990;Ottawa;Ontario;Canada;;
59616284;Ottawa;Ontario;Canada;;
59608859;Ottawa;Ontario;Canada;;
59603144;Ottawa;Ontario;Canada;;
59599733;Ottawa;Ontario;Canada;;
59403660;Ottawa;Ontario;Canada;;
59386094;Ottawa;Ontario;Canada;;
59368539;Ottawa;Ontario;Canada;;
58721912;Ottawa;Ontario;Canada;;
58624109;Ottawa;Ontario;Canada;;
57131143;Ottawa;Ontario;Canada;;
57130812;Ottawa;Ontario;Canada;;
59631498;Ottawa;Ontario;Canada;;
59623530;Ottawa;Ontario;Canada;;
59608809;Ottawa;Ontario;Canada;;
59588950;Ottawa;Ontario;Canada;;
59585308;OTTAWA;Ontario;Canada;;
59585232;Ottawa;Ontario;Canada;;
59585137;OTTAWA;Ontario;Canada;;
59584733;Ottawa;Ontario;Canada;;
59562252;Ottawa;Ontario;Canada;;
59558155;Ottawa;Ontario;Canada;;
58726991;Ottawa;Ontario;Canada;;
58418438;Ottawa;Ontario;Canada;;
59922449;Pembroke;Ontario;Canada;;
59923114;Petawawa;Ontario;Canada;;
59921791;Petawawa;Ontario;Canada;;
56077902;PICTON;Ontario;Canada;;
60190294;Port Elgin;Ontario;Canada;;
60600162;Russell;Ontario;Canada;;
61223079;Temiskaming Shores;Ontario;Canada;;
59601978;thornhill;Ontario;Canada;;
61359482;Tiny;Ontario;Canada;;
60527790;Toronto;Ontario;Canada;;
60226964;Toronto;Ontario;Canada;;
60189351;Toronto;Ontario;Canada;;
60137278;Toronto;Ontario;Canada;;
60102493;Toronto;Ontario;Canada;;
59630984;Toronto;Ontario;Canada;;
59630341;Toronto;Ontario;Canada;;
59629573;Toronto;Ontario;Canada;;
59625144;Toronto;Ontario;Canada;;
59621910;Toronto;Ontario;Canada;;
59603521;Toronto;Ontario;Canada;;
59598570;Toronto;Ontario;Canada;;
59586441;Toronto;Ontario;Canada;;
59576331;Toronto;Ontario;Canada;;
59538919;Toronto;Ontario;Canada;;
59533688;TORONTO;Ontario;Canada;;
59533616;Toronto;Ontario;Canada;;
59502590;Toronto;Ontario;Canada;;
59472643;Toronto;Ontario;Canada;;
59898529;Toronto;Ontario;Canada;;
59876426;Toronto;Ontario;Canada;;
59779027;Toronto;Ontario;Canada;;
59764959;Toronto;Ontario;Canada;;
59629438;Toronto;Ontario;Canada;;
59627572;Toronto;Ontario;Canada;;
59624141;Toronto;Ontario;Canada;;
59618956;Toronto;Ontario;Canada;;
59618187;Toronto;Ontario;Canada;;
59603192;Toronto;Ontario;Canada;;
59460605;Toronto;Ontario;Canada;;
59237701;Toronto;Ontario;Canada;;
58723427;Toronto;Ontario;Canada;;
58592735;Toronto;Ontario;Canada;;
59922961;Uxbridge;Ontario;Canada;;
59630643;Waterloo;Ontario;Canada;;
59588433;Waterloo;Ontario;Canada;;
59610179;Charlottetown;Prince Edward Island;Canada;;
59608367;Charlottetown;Prince Edward Island;Canada;;
58816175;*Sherbrooke;Québec;Canada;;
59557925;Baie-St-Paul;Québec;Canada;;
61295594;Blainville;Québec;Canada;;
60901923;blainville;Québec;Canada;;
60125086;Boucherville;Québec;Canada;;
59469403;Carignan;Québec;Canada;;
60165548;Chateauguay;Québec;Canada;;
61028705;Châteauguay;Québec;Canada;;
61212558;Chicoutimi;Québec;Canada;;
61212168;Chicoutimi;Québec;Canada;;
60173760;Chicoutimi;Québec;Canada;;
60133611;Chicoutimi;Québec;Canada;;
59601763;Chicoutimi;Québec;Canada;;
59589398;Chicoutimi;Québec;Canada;;
59404379;Chicoutimi, Saguenay;Québec;Canada;;
60600154;Côte Saint-Luc;Québec;Canada;;
60195699;Courcelette;Québec;Canada;;
60195488;courcelette;Québec;Canada;;
59408822;Deux-Montagnes;Québec;Canada;;
59621965;Dorval;Québec;Canada;;
59277362;Eastman;Québec;Canada;;
60829025;Gatineau;Québec;Canada;;
59644553;Gatineau;Québec;Canada;;
59540466;Granby;Québec;Canada;;
61343573;Greenfield Park;Québec;Canada;;
60211800;Kahnawake;Québec;Canada;;
60209615;Kahnawake;Québec;Canada;;
59883489;Kahnawake;Québec;Canada;;
59579453;Kahnawake;Québec;Canada;;
60199027;Kuujjuaq;Québec;Canada;;
60761419;La Prairie;Québec;Canada;;
59454285;La Prairie;Québec;Canada;;
60812304;Laval;Québec;Canada;;
59720224;Laval;Québec;Canada;;
59465067;Laval;Québec;Canada;;
59455124;Lévis;Québec;Canada;;
59466098;Lévis;Québec;Canada;;
58739506;Lévis;Québec;Canada;;
61359863;Longueuil;Québec;Canada;;
59602222;Longueuil;Québec;Canada;;
59469391;Longueuil;Québec;Canada;;
60023673;Longueuil;Québec;Canada;;
59626566;Longueuil;Québec;Canada;;
59611612;Longueuil;Québec;Canada;;
60212464;Manawan;Québec;Canada;;
59605744;McMastervillle;Québec;Canada;;
58723980;Montmagny;Québec;Canada;;
61336466;Montreal;Québec;Canada;;
61270541;Montreal;Québec;Canada;;
61242125;Montreal;Québec;Canada;;
61182777;Montreal;Québec;Canada;;
61062356;Montreal;Québec;Canada;;
60973572;Montreal;Québec;Canada;;
60712249;Montreal;Québec;Canada;;
60680929;Montreal;Québec;Canada;;
60581891;Montreal;Québec;Canada;;
60503050;Montreal;Québec;Canada;;
60341261;Montreal;Québec;Canada;;
60220708;Montreal;Québec;Canada;;
60206948;Montreal;Québec;Canada;;
60200684;Montreal;Québec;Canada;;
60197520;Montreal;Québec;Canada;;
60189744;Montreal;Québec;Canada;;
60150392;Montreal;Québec;Canada;;
60137735;Montreal;Québec;Canada;;
59658616;Montreal;Québec;Canada;;
59639691;Montreal;Québec;Canada;;
59638077;Montreal;Québec;Canada;;
59633912;Montreal;Québec;Canada;;
59633718;Montreal;Québec;Canada;;
59633291;Montreal;Québec;Canada;;
59617629;Montreal;Québec;Canada;;
59616510;Montreal;Québec;Canada;;
59607141;Montreal;Québec;Canada;;
59603069;Montreal;Québec;Canada;;
59602652;Montreal;Québec;Canada;;
59602376;Montreal;Québec;Canada;;
59590561;Montreal;Québec;Canada;;
59589258;Montreal;Québec;Canada;;
59527021;Montreal;Québec;Canada;;
59475341;Montreal;Québec;Canada;;
59416503;Montreal;Québec;Canada;;
59413516;Montreal;Québec;Canada;;
59406615;Montreal;Québec;Canada;;
59384093;Montreal;Québec;Canada;;
59344344;Montreal;Québec;Canada;;
59303201;Montreal;Québec;Canada;;
59220104;Montreal;Québec;Canada;;
59685858;Montreal;Québec;Canada;;
59630863;Montreal;Québec;Canada;;
59630144;Montreal;Québec;Canada;;
59626138;Montreal;Québec;Canada;;
59623061;Montreal;Québec;Canada;;
59622305;Montreal;Québec;Canada;;
59618725;Montreal;Québec;Canada;;
59605083;Montreal;Québec;Canada;;
59602747;Montreal;Québec;Canada;;
59600466;Montreal;Québec;Canada;;
59581323;Montreal;Québec;Canada;;
59502183;Montreal;Québec;Canada;;
59485706;Montreal;Québec;Canada;;
59474247;Montreal;Québec;Canada;;
59469227;Montreal;Québec;Canada;;
59410642;Montreal;Québec;Canada;;
59409865;Montreal;Québec;Canada;;
59407566;Montreal;Québec;Canada;;
59383315;Montreal;Québec;Canada;;
59347095;Montreal;Québec;Canada;;
59058553;Montreal;Québec;Canada;;
58754331;Montreal;Québec;Canada;;
58721497;MONTREAL;Québec;Canada;;
58392927;montreal;Québec;Canada;;
61390313;Montréal;Québec;Canada;;
61274742;Montréal;Québec;Canada;;
61245841;Montréal;Québec;Canada;;
61123831;Montréal;Québec;Canada;;
61116324;Montréal;Québec;Canada;;
61114900;Montréal;Québec;Canada;;
61104550;Montréal;Québec;Canada;;
61104000;Montréal;Québec;Canada;;
61030582;Montréal;Québec;Canada;;
61029780;Montréal;Québec;Canada;;
60994130;Montréal;Québec;Canada;;
60984968;Montréal;Québec;Canada;;
60984165;Montréal;Québec;Canada;;
60982551;montréal;Québec;Canada;;
60980574;Montréal;Québec;Canada;;
60977921;Montréal;Québec;Canada;;
60944420;Montréal;Québec;Canada;;
60839777;Montréal;Québec;Canada;;
60778772;Montréal;Québec;Canada;;
60755624;Montréal;Québec;Canada;;
60755429;Montréal;Québec;Canada;;
60753209;Montréal;Québec;Canada;;
60752742;Montréal;Québec;Canada;;
60711974;Montréal;Québec;Canada;;
60711288;montréal;Québec;Canada;;
60694350;Montréal;Québec;Canada;;
60628714;Montréal;Québec;Canada;;
60582345;Montréal;Québec;Canada;;
60532660;Montréal;Québec;Canada;;
60241208;Montréal;Québec;Canada;;
60226226;Montréal;Québec;Canada;;
60207122;Montréal;Québec;Canada;;
60191894;Montréal;Québec;Canada;;
60191387;Montréal;Québec;Canada;;
60189765;Montréal;Québec;Canada;;
60187275;Montréal;Québec;Canada;;
60185919;Montréal;Québec;Canada;;
60170521;Montréal;Québec;Canada;;
60165065;Montréal;Québec;Canada;;
60147405;Montréal;Québec;Canada;;
60142682;Montréal;Québec;Canada;;
60111054;Montréal;Québec;Canada;;
60110655;Montréal;Québec;Canada;;
60110038;Montréal;Québec;Canada;;
60101717;Montréal;Québec;Canada;;
59772355;Montréal;Québec;Canada;;
59755300;Montréal;Québec;Canada;;
59621131;Montréal;Québec;Canada;;
59618054;Montréal;Québec;Canada;;
59613335;Montréal;Québec;Canada;;
59609905;Montréal;Québec;Canada;;
59609884;Montréal;Québec;Canada;;
59607683;Montréal;Québec;Canada;;
59607182;Montréal;Québec;Canada;;
59603756;Montréal;Québec;Canada;;
59603115;Montréal;Québec;Canada;;
59587155;Montréal;Québec;Canada;;
59535708;Montréal;Québec;Canada;;
59418353;Montréal;Québec;Canada;;
59417845;Montréal;Québec;Canada;;
59404199;Montréal;Québec;Canada;;
59395247;Montréal;Québec;Canada;;
59383918;Montréal;Québec;Canada;;
59383734;Montréal;Québec;Canada;;
58988611;Montréal;Québec;Canada;;
57550521;Montréal;Québec;Canada;;
59991691;Montréal;Québec;Canada;;
59983896;Montréal;Québec;Canada;;
59933255;Montréal;Québec;Canada;;
59915741;Montréal;Québec;Canada;;
59915569;Montréal;Québec;Canada;;
59724071;Montréal;Québec;Canada;;
59697059;Montréal;Québec;Canada;;
59622922;Montréal;Québec;Canada;;
59621718;Montréal;Québec;Canada;;
59620651;Montréal;Québec;Canada;;
59617570;Montréal;Québec;Canada;;
59617063;Montréal;Québec;Canada;;
59610759;Montréal;Québec;Canada;;
59606901;Montréal;Québec;Canada;;
59603548;Montréal;Québec;Canada;;
59602176;Montréal;Québec;Canada;;
59601215;Montréal;Québec;Canada;;
59600963;Montréal;Québec;Canada;;
59593429;Montréal;Québec;Canada;;
59592396;Montréal;Québec;Canada;;
59588468;Montréal;Québec;Canada;;
59583702;Montréal;Québec;Canada;;
59581471;Montréal;Québec;Canada;;
59581119;Montréal;Québec;Canada;;
59557257;Montréal;Québec;Canada;;
59556237;Montréal;Québec;Canada;;
59554572;Montréal;Québec;Canada;;
59544517;Montréal;Québec;Canada;;
59541645;Montréal;Québec;Canada;;
59539575;Montréal;Québec;Canada;;
59530721;Montréal;Québec;Canada;;
59529991;Montréal;Québec;Canada;;
59528571;Montréal;Québec;Canada;;
59503915;Montréal;Québec;Canada;;
59475040;Montréal;Québec;Canada;;
59472988;Montréal;Québec;Canada;;
59468320;Montréal;Québec;Canada;;
59423328;Montréal;Québec;Canada;;
59419726;Montréal;Québec;Canada;;
59414544;Montréal;Québec;Canada;;
59412548;Montréal;Québec;Canada;;
59407251;Montréal;Québec;Canada;;
59405865;Montréal;Québec;Canada;;
59403029;Montréal;Québec;Canada;;
59245991;Montréal;Québec;Canada;;
59191843;Montréal;Québec;Canada;;
59078558;Montréal;Québec;Canada;;
58955029;Montréal;Québec;Canada;;
58915503;Montréal;Québec;Canada;;
58898814;Montréal;Québec;Canada;;
58851563;Montréal;Québec;Canada;;
58784176;Montréal;Québec;Canada;;
58727655;Montréal;Québec;Canada;;
58723288;Montréal;Québec;Canada;;
58703233;Montréal;Québec;Canada;;
58676955;Montréal;Québec;Canada;;
59628535;Montréal-Nord;Québec;Canada;;
59480402;Mont-Royal;Québec;Canada;;
59409480;Orford;Québec;Canada;;
60110024;Quebec;Québec;Canada;;
59629722;Quebec;Québec;Canada;;
59402941;QUEBEC;Québec;Canada;;
58784549;Quebec;Québec;Canada;;
60723939;Québec;Québec;Canada;;
60720051;Québec;Québec;Canada;;
60700483;Québec;Québec;Canada;;
60626839;Québec;Québec;Canada;;
60605175;Québec;Québec;Canada;;
60556945;Québec;Québec;Canada;;
60544899;Québec;Québec;Canada;;
60542580;Québec;Québec;Canada;;
60197921;Québec;Québec;Canada;;
60170268;Québec;Québec;Canada;;
60145183;Québec;Québec;Canada;;
60132923;Québec;Québec;Canada;;
60129535;Québec;Québec;Canada;;
60109566;Québec;Québec;Canada;;
60099447;Québec;Québec;Canada;;
60068559;Québec;Québec;Canada;;
59978562;Québec;Québec;Canada;;
59614918;Québec;Québec;Canada;;
59605748;Québec;Québec;Canada;;
59584771;Québec;Québec;Canada;;
58474149;Québec;Québec;Canada;;
58141178;Québec;Québec;Canada;;
59614395;Québec;Québec;Canada;;
59597372;Québec;Québec;Canada;;
59589767;Québec;Québec;Canada;;
59585890;Québec;Québec;Canada;;
59541285;Québec;Québec;Canada;;
59534926;Québec;Québec;Canada;;
59522165;Québec;Québec;Canada;;
59500923;Québec;Québec;Canada;;
59413752;Québec;Québec;Canada;;
59064699;Québec;Québec;Canada;;
58857391;Québec;Québec;Canada;;
58854806;Québec;Québec;Canada;;
58827094;Québec;Québec;Canada;;
58785083;Québec;Québec;Canada;;
59948251;Quebec City;Québec;Canada;;
59164958;Rimouski;Québec;Canada;;
59482564;Riviere-du-Loup;Québec;Canada;;
61150579;Saguenay;Québec;Canada;;
59607662;Sainte-Catherine-de-Hatley;Québec;Canada;;
60147307;Saint-Hyacinthe;Québec;Canada;;
60171541;Saint-Isidore;Québec;Canada;;
59905036;Saint-Jean-Sur-Richelieu;Québec;Canada;;
59596738;Saint-Laurent;Québec;Canada;;
59470774;Saint-Laurent;Québec;Canada;;
59473145;Saint-Lazare (QC);Québec;Canada;;
60978278;Saint-Roch-de-Richelieu;Québec;Canada;;
59807074;Shebrooke;Québec;Canada;;
61069685;Sherbrooke;Québec;Canada;;
60599499;Sherbrooke;Québec;Canada;;
60160207;Sherbrooke;Québec;Canada;;
59871119;Sherbrooke;Québec;Canada;;
59516886;Sherbrooke;Québec;Canada;;
59389531;Sherbrooke;Québec;Canada;;
59361676;Sherbrooke;Québec;Canada;;
59608960;Sherbrooke;Québec;Canada;;
59597321;Sherbrooke;Québec;Canada;;
59516902;Sherbrooke;Québec;Canada;;
59456145;Sherbrooke;Québec;Canada;;
59319318;Sherbrooke;Québec;Canada;;
59991564;Shipshaw;Québec;Canada;;
59548363;St-Bruno-de-Montarville;Québec;Canada;;
59770032;Ste-Anne-de-Bellevue;Québec;Canada;;
58880149;Ste-Anne-de-Bellevue;Québec;Canada;;
60055825;Ste-Julie;Québec;Canada;;
59111365;St-Hilarion;Québec;Canada;;
59542876;St-Hippolyte;Québec;Canada;;
60385726;St-Jean-sur-Richelieu;Québec;Canada;;
60683783;St-Nicolas;Québec;Canada;;
58722100;St-Nicolas;Québec;Canada;;
61099194;Trois-Rivières;Québec;Canada;;
59623974;Trois-Rivières, Québec;Québec;Canada;;
60010749;MOOSE JAW;Saskatchewan;Canada;;
60171483;Regina;Saskatchewan;Canada;;
59620597;Regina;Saskatchewan;Canada;;
60010960;Saskatoon;Saskatchewan;Canada;;
60010480;Saskatoon;Saskatchewan;Canada;;
59416948;Saskatoon;Saskatchewan;Canada;;
59368129;Saskatoon;Saskatchewan;Canada;;
60599918;Santiago;;Chile;;
59411925;Santiago;;Chile;;
59411764;Santiago;;Chile;;
58933098;Santiago;;Chile;;
59617968;TALCAHUANO;;Chile;;
59688213;Bogotá;;Colombia;;
59688730;Medellin;;Colombia;;
59672686;Medellin;;Colombia;;
60127612;Medellín;;Colombia;;
61088787;Brazzaville;;Congo;;
55795322;Brazzaville;;Congo;;
56989324;Brazzaville;;Congo;;
59799020;Bukavu;;Congo;;
59608002;masina;;Congo;;
59775792;Kinshasa;;Congo;;
58944880;KINSHASA;;Congo, Dem. Rep;;
60213333;Abidjan;;Cote d'Ivoire;;
59603741;OSIJEK;;Croatia;;
60190836;Zagreb;;Croatia;;
59442978;Aakirkeby;;Denmark;;
59601322;Aarhus C;;Denmark;;
59601514;Aarhus C;;Denmark;;
59062499;Aarhus C;;Denmark;;
59596868;Esbjerg;;Denmark;;
59603943;Odense M;;Denmark;;
59623549;Risskov;;Denmark;;
59233504;DISTRITO NACIONAL;;Dominican Republic;;
59632176;Kinshasa;;Federation;;
60196418;Helsinki;;Finland;;
61388516;Jyväskylä;;Finland;;
59604238;Jyväskylä;;Finland;;
59796703;Kuopio;;Finland;;
59604771;Kuopio;;Finland;;
59587490;Kuopio;;Finland;;
59573528;Kuopio;;Finland;;
59599288;Tampere;;Finland;;
60740762;37044 Tours Cedex 1;;France;;
58824763;Aubervilliers Cedex;;France;;
60641457;BORDEAUX;;France;;
59329029;Chamalières;;France;;
60602873;DIJON;;France;;
59454996;Fleury Merogis;;France;;
59632309;La Rochelle;;France;;
59604364;Laxou;;France;;
59599687;Lille;;France;;
60111628;Lyon;;France;;
61327793;Montpellier;;France;;
60203809;Moulins;;France;;
59545986;NANCY;;France;;
59510949;Nancy;;France;;
59600762;Nantes;;France;;
59574201;Nice;;France;;
60933627;Paris;;France;;
60189759;Paris;;France;;
60131558;Paris;;France;;
59400489;Paris;;France;;
59689169;Paris;;France;;
59604591;Paris;;France;;
59575168;Paris;;France;;
59547742;PARIS;;France;;
59261610;Paris;;France;;
60134479;Rennes;;France;;
59462367;Rennes;;France;;
59539175;Rennes;;France;;
59537205;RENNES;;France;;
59689736;Rennes cedex;;France;;
59689358;Rennes cedex;;France;;
59690512;Rennes cedex;;France;;
59690292;Rennes cedex;;France;;
59689960;Rennes cedex;;France;;
59600355;Rouen;;France;;
59892084;Saint Maurice Cedex;;France;;
59892019;Saint Maurice Cedex;;France;;
59618456;Saint-Denis;;France;;
59591890;Saint-Etienne;;France;;
60203855;Sisteron;;France;;
59607606;St Germain En Laye;;France;;
60639397;Villejuif;;France;;
59600424;33602 Bielefeld, Germany;;Germany;;
59574353;Bamberg;;Germany;;
59613772;Bielefeld;;Germany;;
59604085;Bochum;;Germany;;
59616096;Erlangen;;Germany;;
58800366;Erlangen;;Germany;;
58781962;Erlangen;;Germany;;
59615087;Erlangen;;Germany;;
59611188;Erlangen;;Germany;;
59268437;Erlangen;;Germany;;
58816523;Erlangen;;Germany;;
58800379;Erlangen;;Germany;;
58781166;Erlangen;;Germany;;
58781097;Erlangen;;Germany;;
59609860;Freiburg;;Germany;;
59609212;Furtwangen im Schwarzwald;;Germany;;
60705327;Hamburg;;Germany;;
59601552;Hamburg;;Germany;;
61217507;Munich;;Germany;;
59539457;Woerrstadt;;Germany;;
60097008;Kumasi;;Ghana;;
59464132;Kumasi;;Ghana;;
59606579;Nottingham;;Ghana;;
59110599;ATHENS;;Greece;;
59604479;Nea Erythrea;;Greece;;
59604414;Nea Erythrea;;Greece;;
60191964;Cayes;;Haiti;;
59478235;Fond-Parisien;;Haiti;;
60123639;Gressier;;Haiti;;
60131843;Port-Au-Prince;;Haiti;;
60133320;Tabarre;;Haiti;;
60702131;Hong Kong;;Hong Kong;;
59572554;Hong Kong;;Hong Kong;;
59399952;Shatin;;Hong Kong;;
60701948;Shatin, N.T.;;Hong Kong;;
59602686;Shtain;;Hong Kong;;
60654740;Budapest, III.;;Hungary;;
58968136;DEBRECEN;;Hungary;;
60156758;Chandigarh;;India;;
60182424;CHANDIGARH;;India;;
60132346;Chandigarh;;India;;
59891335;Chandigarh;;India;;
60165471;Chandigarh-160047;;India;;
59891695;Chennai;;India;;
59604635;Chennai;;India;;
59599006;Dehradun, Uttarakhand;;India;;
60125863;New Delhi;;India;;
60125809;New Delhi;;India;;
59607020;New Delhi;;India;;
59561391;New Delhi;;India;;
59538033;Pune;;India;;
59507211;Sleman;;Indonesia;;
59610015;Yogyakarta;;Indonesia;;
59599849;Yogyakarta;;Indonesia;;
59479472;Yogyakarta;;Indonesia;;
59515335;Ballina;;Ireland;;
58966422;Ennis;;Ireland;;
60167857;Galway;;Ireland;;
60129707;Galway;;Ireland;;
59605180;Galway;;Ireland;;
59463408;Galway;;Ireland;;
59403388;Galway;;Ireland;;
58849707;Galway;;Ireland;;
58848620;Galway;;Ireland;;
58823047;Galway;;Ireland;;
58780433;Galway;;Ireland;;
58780432;Galway;;Ireland;;
57865382;Galway;;Ireland;;
59580571;Naas;;Ireland;;
57763271;National University of Ireland, Galway;;Ireland;;
58780407;Oughterard;;Ireland;;
60570177;Sligo;;Ireland;;
59614298;Sligo;;Ireland;;
59607985;Sligo;;Ireland;;
59750422;Sligo;;Ireland;;
59750117;Sligo;;Ireland;;
59463487;HOD HASHARON;;Israel;;
59457782;Jerusalem;;Israel;;
59606653;Ramat Aviv;;Israel;;
59521390;Ramat-Gan;;Israel;;
59986846;Tel Aviv;;Israel;;
59599203;Zefat;;Israel;;
60194572;Cadrezzate;;Italy;;
59467605;CAGLIARI;;Italy;;
60729744;Erba;;Italy;;
59481045;Fontanfredda;;Italy;;
59334110;Grugliasco (To);;Italy;;
59403295;Monserrato - Cagliari;;Italy;;
59605205;Parma;;Italy;;
59210200;PR;;Italy;;
59574725;Santa Fiora;;Italy;;
59657535;1-1, Yamadaoka, Suita Shi,;;Japan;;
59388913;Bunkyo-ku, Tokyo;;Japan;;
59598556;Hyogo-ken;;Japan;;
60602448;Kawasaki;;Japan;;
59598977;Kawasaki-shi;;Japan;;
59598767;Kawasaki-shi;;Japan;;
59629264;Kumatori-cho, Sennan-gun, Osaka;;Japan;;
59598948;Nagano-shi;;Japan;;
59389839;Osaka;;Japan;;
59561750;Setagaya;;Japan;;
59536219;Setagaya, Tokyo;;Japan;;
59598581;Suita City;;Japan;;
59603447;Suita, Osaka;;Japan;;
59536702;Tokorozawa, Saitama;;Japan;;
60676932;Tokyo;;Japan;;
59645867;Tokyo;;Japan;;
59628200;Tokyo;;Japan;;
59628199;Tokyo;;Japan;;
59594878;Tokyo;;Japan;;
59507823;Tokyo;;Japan;;
59397806;Tokyo;;Japan;;
59328059;Tokyo;;Japan;;
59257380;Tokyo;;Japan;;
58865083;Tokyo;;Japan;;
58845798;Tokyo;;Japan;;
57030654;Tokyo;;Japan;;
59536222;Tokyo;;Japan;;
60806753;Nairobi;;Kenya;;
59558242;NAIROBI;;Kenya;;
59510987;Busan;;Korea;;
61355290;Hwaseong city;;Korea;;
60569050;Seoul;;Korea;;
60155117;Seoul;;Korea;;
60154558;Seoul;;Korea;;
60154492;Seoul;;Korea;;
59398871;Seoul;;Korea;;
59607280;Bamako;;Mali;;
58602222;Bamako;;Mali;;
59587412;commune de Baguinéda;;Mali;;
59124107;Diéma;;Mali;;
59401593;Kayes;;Mali;;
59629021;Guadalajara;;Mexico;;
59317870;MORELIA;;Mexico;;
60143836;Xalapa;;Mexico;;
59472494;Xalapa;;Mexico;;
60188699;Marrakech;;Morocco;;
58946211;Gemert;;Netherlands;;
58746123;Groningen;;Netherlands;;
59401209;Nijmegen;;Netherlands;;
59007222;Nijmegen;;Netherlands;;
58959988;Nijmegen;;Netherlands;;
58946452;Nijmegen;;Netherlands;;
58946136;Nijmegen;;Netherlands;;
58826390;Nijmegen;;Netherlands;;
59614275;Utrecht;;Netherlands;;
60645364;Wageningen;;Netherlands;;
59462423;Wageningen;;Netherlands;;
59630782;Noumea;;New Caledonia;;
59630429;noumea;;New Caledonia;;
58944322;Nouméa;;New Caledonia;;
58944017;Nouméa;;New Caledonia;;
61357200;Auckland;;New Zealand;;
59619581;Auckland;;New Zealand;;
59605958;Auckland;;New Zealand;;
59604502;Auckland;;New Zealand;;
59604417;Auckland;;New Zealand;;
59601525;Auckland;;New Zealand;;
59561875;Auckland;;New Zealand;;
59559623;Auckland;;New Zealand;;
56835193;Auckland;;New Zealand;;
59937433;Dunedin;;New Zealand;;
59740904;Dunedin;;New Zealand;;
61221310;Hawera;;New Zealand;;
59395317;Napier;;New Zealand;;
60191214;Wellington;;New Zealand;;
60190906;Wellington;;New Zealand;;
60179602;Wellington;;New Zealand;;
59737511;Wellington;;New Zealand;;
58942340;Wellington 6140;;New Zealand;;
59630867;MORELIA MICHOACAN, MEXICO;;Nicaragua;;
59588326;Ado ekiti;;Nigeria;;
59086083;Ogun State;;Nigeria;;
59170310;Port Harcourt;;Nigeria;;
60572922;Bergen;;Norway;;
60126463;Bergen;;Norway;;
59608708;Bergen;;Norway;;
59594631;Bergen;;Norway;;
59614174;Bergen;;Norway;;
59606028;Bergen;;Norway;;
60561259;Oslo;;Norway;;
59797419;Karachi;;Pakistan;;
59728882;Cusco;;Peru;;
59605813;Lima;;Peru;;
59410117;Cebu;;Philippines;;
60190739;Coimbra;;Portugal;;
59601282;Martim;;Portugal;;
59097391;Porto Portugal;;Portugal;;
60196256;Santarém;;Portugal;;
59830084;Moca;;Puerto Rico;;
59630471;Moca;Puerto Rico;Puerto Rico;;
60162365;San Juan;Puerto Rico;Puerto Rico;;
60131634;San Juan;Puerto Rico;Puerto Rico;;
59630402;San Juan;Puerto Rico;Puerto Rico;;
59235948;Utuado;Puerto Rico;Puerto Rico;;
60188087;Doha;;Qatar;;
59886499;Doha;;Qatar;;
59257340;Moscow;;Russia;;
60194840;Dakar;;Senegal;;
60420881;Dakar;;Senegal;;
59625081;Dakar;;Senegal;;
59576001;Dakar;;Senegal;;
59781658;Singapore;;Singapore;;
60111041;Bellville;;South Africa;;
61195478;Durban;;South Africa;;
61129455;Johannesburg;;South Africa;;
59888206;Johannesburg;;South Africa;;
59742510;Pretoria;;South Africa;;
60191167;Gyeongsan, Gyeongbuk;;South Korea;;
59603932;Seoul;;South Korea;;
59598376;Seoul;;South Korea;;
59573777;Seoul;;South Korea;;
59572624;Seoul;;South Korea;;
59610310;Girona;;Spain;;
59574448;Girona;;Spain;;
59574409;Girona;;Spain;;
59574364;Girona;;Spain;;
59574289;Girona;;Spain;;
58758583;GIRONA;;Spain;;
58758607;GIRONA;;Spain;;
59605490;Jaén;;Spain;;
60164913;L'Hospitalet de Llobregat;;Spain;;
59498246;Zaragoza;;Spain;;
60639642;Khartoum;;Sudan;;
58890783;Västerås;;Sweden;;
59537293;3012 Bern;;Switzerland;;
58970276;Bern;;Switzerland;;
58848268;Bern;;Switzerland;;
60533353;Lausanne;;Switzerland;;
58965142;Lausanne;;Switzerland;;
60159358;Lucerne;;Switzerland;;
59653464;VERSOIX;;Switzerland;;
60672444;Winterthur;;Switzerland;;
58802928;Winterthur;;Switzerland;;
59599621;Zurich;;Switzerland;;
59512321;Zurich;;Switzerland;;
59511454;Zurich;;Switzerland;;
59399987;Zurich;;Switzerland;;
59594773;Zürich;;Switzerland;;
59608714;Hualien;;Taiwan;;
60157665;Kaohsiung City;;Taiwan;;
59598635;New Taipei City;;Taiwan;;
59464663;New Taipei City;;Taiwan;;
59611005;Taichung;;Taiwan;;
58785078;Taichung City;;Taiwan;;
59599403;Tainan City;;Taiwan;;
59572138;Taipei;;Taiwan;;
59402864;Taipei;;Taiwan;;
59602531;Taipei;;Taiwan;;
59536505;Taipei City;;Taiwan;;
60556438;Taipei City, Taiwan;;Taiwan;;
60738366;Songkhla;;Thailand;;
59606113;Lomé;;Togo;;
59250558;Lomé;;Togo;;
60191228;Port of Spain;;Trinidad and Tobago;;
58509493;Entebbe;;Uganda;;
59603571;Kampala;;Uganda;;
59594300;Kampala;;Uganda;;
57652719;2 Old Hall Road;;United Kingdom;;
59545994;Belfast;;United Kingdom;;
60940337;Brighton;;United Kingdom;;
60105836;Brighton;;United Kingdom;;
59464602;Bristol;;United Kingdom;;
61139981;Edinburgh;;United Kingdom;;
59983299;Edinburgh;;United Kingdom;;
59801920;Glasgow;;United Kingdom;;
59574284;Lancaster;;United Kingdom;;
59616923;Leeds;;United Kingdom;;
59463547;Leeds;;United Kingdom;;
59463011;Leeds;;United Kingdom;;
60194427;London;;United Kingdom;;
60126525;London;;United Kingdom;;
59632406;London;;United Kingdom;;
59537319;London;;United Kingdom;;
58801065;London;;United Kingdom;;
59687683;London;;United Kingdom;;
59539539;London;;United Kingdom;;
59539534;London;;United Kingdom;;
59604668;Milton Keynes;;United Kingdom;;
59742536;Newcastle upon Tyne;;United Kingdom;;
59887872;Norwich;;United Kingdom;;
59465062;Nottingham;;United Kingdom;;
59946971;Nottingham;;United Kingdom;;
59606388;NOTTINGHAM;;United Kingdom;;
59606224;NOTTINGHAM;;United Kingdom;;
59606178;Nottingham;;United Kingdom;;
59605358;NOTTINGHAM;;United Kingdom;;
59605194;NOTTINGHAM;;United Kingdom;;
59605089;Nottingham;;United Kingdom;;
59262108;Nottingham;;United Kingdom;;
59607434;Preston;;United Kingdom;;
58699854;Preston;;United Kingdom;;
58698258;Preston;;United Kingdom;;
58694056;Preston;;United Kingdom;;
61363080;Riccarton;;United Kingdom;;
60194281;Salford;;United Kingdom;;
59774849;Salford;;United Kingdom;;
60098313;Sheffield;;United Kingdom;;
59601794;Sutton Bonington;;United Kingdom;;
59537954;Teignmouth;;United Kingdom;;
60346925;Fullerton;California;United States;;
59404051;Los Angeles;California;United States;;
58147661;Los Angeles;California;United States;;
57330773;Los Angeles;California;United States;;
59382710;Oceanside;California;United States;;
60847276;San Francisco;California;United States;;
59614803;San Francisco;California;United States;;
59615245;SF;California;United States;;
59630617;Travis Afb;California;United States;;
59532363;Fort Collins;Colorado;United States;;
61008397;New Haven;Connecticut;United States;;
60741594;Washington;District of Columbia;United States;;
59989031;Washington;District of Columbia;United States;;
59988514;Washington;District of Columbia;United States;;
55581898;Palm Beach Gardens;Florida;United States;;
59930047;Palm Beach Gardens;Florida;United States;;
59455646;Lawrenceville;Georgia;United States;;
59717091;Lithonia;Georgia;United States;;
59159544;Ewa Beach;Hawaii;United States;;
59965877;Honolulu;Hawaii;United States;;
59725374;Honolulu;Hawaii;United States;;
59823430;Honolulu;Hawaii;United States;;
59632241;Honolulu;Hawaii;United States;;
59616047;Honolulu;Hawaii;United States;;
59600797;Honolulu;Hawaii;United States;;
59041529;Honolulu;Hawaii;United States;;
59884615;Kaneohe;Hawaii;United States;;
60707424;New Orleans;Louisiana;United States;;
60723570;Boston;Massachusetts;United States;;
59624374;Detroit;Michigan;United States;;
59533212;Detroit;Michigan;United States;;
60796233;Grand Rapids;Michigan;United States;;
60612715;Duluth;Minnesota;United States;;
59627641;Duluth;Minnesota;United States;;
59603345;Duluth;Minnesota;United States;;
60613028;Eden Prairie;Minnesota;United States;;
60265161;Esko;Minnesota;United States;;
60265138;Harmony;Minnesota;United States;;
59617224;Minneapolis;Minnesota;United States;;
59619855;Park Rapids;Minnesota;United States;;
59628541;St. Paul;Minnesota;United States;;
61344093;Jackson;Mississippi;United States;;
60686797;Madison;Mississippi;United States;;
59603716;Albuquerque;New Mexico;United States;;
59917043;El Prado;New Mexico;United States;;
57109487;Albany;New York;United States;;
60195164;Brooklyn;New York;United States;;
59588030;Liverpool;New York;United States;;
59630310;New York;New York;United States;;
58856914;Boone;North Carolina;United States;;
59632521;Durham;North Carolina;United States;;
59465115;Grand Forks;North Dakota;United States;;
59204539;Cincinnati;Ohio;United States;;
59545887;Youngstown;Ohio;United States;;
60163165;Langston;Oklahoma;United States;;
59627046;Portland;Oregon;United States;;
59625221;Portland;Oregon;United States;;
59600324;Portland;Oregon;United States;;
59653119;Whitehall;Pennsylvania;United States;;
59806659;Guaynabo;Puerto Rico;United States;;
60777599;SAN JUAN;Puerto Rico;United States;;
60167840;San Juan;Puerto Rico;United States;;
59621289;PROVIDENCE;Rhode Island;United States;;
59722367;Austin;Texas;United States;;
59809324;Austin;Texas;United States;;
60720485;Frisco;Texas;United States;;
61126597;Houston;Texas;United States;;
59757908;Houston;Texas;United States;;
59607074;Houston;Texas;United States;;
58877253;Houston;Texas;United States;;
59625157;Houston;Texas;United States;;
59421410;Houston;Texas;United States;;
60720470;San Antonio;Texas;United States;;
59631034;San Antonio;Texas;United States;;
59582489;San Antonio;Texas;United States;;
60647787;Arlington;Virginia;United States;;
59326453;Charlottesville;Virginia;United States;;
59620337;Bellingham;Washington;United States;;
59601560;Bellingham;Washington;United States;;
60620448;Ellensburg;Washington;United States;;
60554322;Hanoi;;Viet Nam;;
59891585;Malaefoou;;Wallis and Futuna Islands;;
59773681;Gaborone Botswana;;Zambia;;
60193523;Lusaka;;Zambia;;
60705118;Lusaka;;Zambia;;
